"store","websites","attribute_set","type","category_ids","sku","has_options","name","gift_message_available","url_key","url_path","country_of_manufacture","msrp_enabled","msrp_display_actual_price_type","meta_title","meta_description","image","small_image","thumbnail","custom_design","page_layout","options_container","image_label","small_image_label","thumbnail_label","price","special_price","cost","weight","msrp","status","visibility","tax_class_id","is_recurring","em_featured","em_deal","em_hot","description","short_description","meta_keyword","custom_layout_update","news_from_date","news_to_date","special_from_date","special_to_date","custom_design_from","custom_design_to","qty","min_qty","use_config_min_qty","is_qty_decimal","backorders","use_config_backorders","min_sale_qty","use_config_min_sale_qty","max_sale_qty","use_config_max_sale_qty","is_in_stock","low_stock_date","notify_stock_qty","use_config_notify_stock_qty","manage_stock","use_config_manage_stock","stock_status_changed_auto","use_config_qty_increments","qty_increments","use_config_enable_qty_inc","enable_qty_increments","is_decimal_divided","stock_status_changed_automatically","use_config_enable_qty_increments","product_name","store_id","product_type_id","product_status_changed","product_changed_websites"
"admin","base","Default","simple","330,340,406","12003","0","叉烧肉","No","12003","12003.html"," ","Use config","Use config","","","/12003/1.jpg","/12003/1.jpg","/12003/1.jpg","default/galayomarket","2 columns with left bar","Product Info Column","","","","6.09","","",".99","","Enabled","Catalog, Search","None","No","","","","","一份约2LB","","","","","","","","","000","000","1","0","0","1","100","1","000","1","0","","000","1","0","0","1","1","000","1","0","0","1","1","叉烧肉","0","simple","",""
"admin","base","Default","simple","330,340,406","12004","0","小里脊","No","12004","12004.html"," ","Use config","Use config","","","/12004/1.jpg","/12004/1.jpg","/12004/1.jpg","default/galayomarket","2 columns with left bar","Product Info Column","","","","4.39","","",".99","","Enabled","Catalog, Search","None","No","","","","","一份约1LB","","","","","","","","","000","000","1","0","0","1","100","1","000","1","0","","000","1","0","0","1","1","000","1","0","0","1","1","小里脊","0","simple","",""
"admin","base","Default","simple","330,340,406","12004","0","小里脊","No","12004","12004.html"," ","Use config","Use config","","","/12004/1.jpg","/12004/1.jpg","/12004/1.jpg","default/galayomarket","2 columns with left bar","Product Info Column","","","","4.39","","",".99","","Enabled","Catalog, Search","None","No","","","","","一份约1LB","","","","","","","","","000","000","1","0","0","1","100","1","000","1","0","","000","1","0","0","1","1","000","1","0","0","1","1","小里脊","0","simple","",""
"admin","base","Default","simple","330,340,406","12005","0","大里脊","No","12005","12005.html"," ","Use config","Use config","","","/12005/1.jpg","/12005/1.jpg","/12005/1.jpg","default/galayomarket","2 columns with left bar","Product Info Column","","","","3.19","","",".99","","Enabled","Catalog, Search","None","No","","","","","一份约1LB","","","","","","","","","000","000","1","0","0","1","100","1","000","1","0","","000","1","0","0","1","1","000","1","0","0","1","1","大里脊","0","simple","",""
"admin","base","Default","simple","330,340,406","12008","0","猪扒头（猪扒前部）","No","12008","12008.html"," ","Use config","Use config","","","/12008/1.jpg","/12008/1.jpg","/12008/1.jpg","default/galayomarket","2 columns with left bar","Product Info Column","","","","3.69","","",".99","","Enabled","Catalog, Search","None","No","","","","","一份约2LB","","","","","","","","","000","000","1","0","0","1","100","1","000","1","0","","000","1","0","0","1","1","000","1","0","0","1","1","猪扒头（猪扒前部）","0","simple","",""
"admin","base","Default","simple","330,340,406","12011","0","猪大踭（前腿肉）","No","12011","12011.html"," ","Use config","Use config","","","/12011/1.jpg","/12011/1.jpg","/12011/1.jpg","default/galayomarket","2 columns with left bar","Product Info Column","","","","3.49","","",".99","","Enabled","Catalog, Search","None","No","","","","","一份约2LB","","","","","","","","","000","000","1","0","0","1","100","1","000","1","0","","000","1","0","0","1","1","000","1","0","0","1","1","猪大踭（前腿肉）","0","simple","",""
"admin","base","Default","simple","330,340,406","12013","0","猪展肉（小腿肉）","No","12013","12013.html"," ","Use config","Use config","","","/12013/1.jpg","/12013/1.jpg","/12013/1.jpg","default/galayomarket","2 columns with left bar","Product Info Column","","","","3.49","","",".99","","Enabled","Catalog, Search","None","No","","","","","一份约1LB","","","","","","","","","000","000","1","0","0","1","100","1","000","1","0","","000","1","0","0","1","1","000","1","0","0","1","1","猪展肉（小腿肉）","0","simple","",""
"admin","base","Default","simple","330,340,406","12014","0","猪腿肉（后腿肉）","No","12014","12014.html"," ","Use config","Use config","","","/12014/1.jpg","/12014/1.jpg","/12014/1.jpg","default/galayomarket","2 columns with left bar","Product Info Column","","","","2.79","","",".99","","Enabled","Catalog, Search","None","No","","","","","一份约1LB","","","","","","","","","000","000","1","0","0","1","100","1","000","1","0","","000","1","0","0","1","1","000","1","0","0","1","1","猪腿肉（后腿肉）","0","simple","",""
"admin","base","Default","simple","330,340,406","12016","0","金沙骨","No","12016","12016.html"," ","Use config","Use config","","","/12016/1.jpg","/12016/1.jpg","/12016/1.jpg","default/galayomarket","2 columns with left bar","Product Info Column","","","","5.69","","",".99","","Enabled","Catalog, Search","None","No","","","","100%不含瘦肉精，美国农业部检验，放心选购","一份约1LB","","","","","","","","","000","000","1","0","0","1","100","1","000","1","0","","000","1","0","0","1","1","000","1","0","0","1","1","金沙骨","0","simple","",""
"admin","base","Default","simple","330,340,406","12017","0","瘦碎肉","No","12017","12017.html"," ","Use config","Use config","","","/12017/1.jpg","/12017/1.jpg","/12017/1.jpg","default/galayomarket","2 columns with left bar","Product Info Column","","","","3.49","","",".99","","Enabled","Catalog, Search","None","No","","","","","一份约2LB","","","","","","","","","000","000","1","0","0","1","100","1","000","1","0","","000","1","0","0","1","1","000","1","0","0","1","1","瘦碎肉","0","simple","",""
"admin","base","Default","simple","330,340,406","12018","0","猪蹄（猪后脚）","No","12018","12018.html"," ","Use config","Use config","","","/12018/1.jpg","/12018/1.jpg","/12018/1.jpg","default/galayomarket","2 columns with left bar","Product Info Column","","","","4.39","","",".99","","Enabled","Catalog, Search","None","No","","","","","一份约2.5LB","","","","","","","","","000","000","1","0","0","1","100","1","000","1","0","","000","1","0","0","1","1","000","1","0","0","1","1","猪蹄（猪后脚）","0","simple","",""
"admin","base","Default","simple","330,340,406","12019","0","长猪手(猪前脚)","No","12019","12019.html"," ","Use config","Use config","","","/12019/1.jpg","/12019/1.jpg","/12019/1.jpg","default/galayomarket","2 columns with left bar","Product Info Column","","","","1.99","","",".99","","Enabled","Catalog, Search","None","No","","","","","一份约1.1LB","","","","","","","","","000","000","1","0","0","1","100","1","000","1","0","","000","1","0","0","1","1","000","1","0","0","1","1","长猪手(猪前脚)","0","simple","",""
"admin","base","Default","simple","330,340,406","12020","0","猪舌头","No","12020","12020.html"," ","Use config","Use config","","","/12020/1.jpg","/12020/1.jpg","/12020/1.jpg","default/galayomarket","2 columns with left bar","Product Info Column","","","","1.49","","",".99","","Enabled","Catalog, Search","None","No","","","","","一份约0.5LB","","","","","","","","","000","000","1","0","0","1","100","1","000","1","0","","000","1","0","0","1","1","000","1","0","0","1","1","猪舌头","0","simple","",""
"admin","base","Default","simple","330,340,406","12021","0","汤骨(猪颈骨)","No","12021","12021.html"," ","Use config","Use config","","","/12021/1.jpg","/12021/1.jpg","/12021/1.jpg","default/galayomarket","2 columns with left bar","Product Info Column","","","","2.29","","",".99","","Enabled","Catalog, Search","None","No","","","","","一份约2LB","","","","","","","","","000","000","1","0","0","1","100","1","000","1","0","","000","1","0","0","1","1","000","1","0","0","1","1","汤骨(猪颈骨)","0","simple","",""
"admin","base","Default","simple","330,340,406","12022","0","龙骨(猪脊骨)","No","12022","12022.html"," ","Use config","Use config","","","/12022/1.jpg","/12022/1.jpg","/12022/1.jpg","default/galayomarket","2 columns with left bar","Product Info Column","","","","2.29","","",".99","","Enabled","Catalog, Search","None","No","","","","","一份约2LB","","","","","","","","","000","000","1","0","0","1","100","1","000","1","0","","000","1","0","0","1","1","000","1","0","0","1","1","龙骨(猪脊骨)","0","simple","",""
"admin","base","Default","simple","330,340,406","12026","0","猪肚","No","12026","12026.html"," ","Use config","Use config","","","/12026/1.jpg","/12026/1.jpg","/12026/1.jpg","default/galayomarket","2 columns with left bar","Product Info Column","","","","4.29","","",".99","","Enabled","Catalog, Search","None","No","","","","","一份约1.5LB","","","","","","","","","000","000","1","0","0","1","100","1","000","1","0","","000","1","0","0","1","1","000","1","0","0","1","1","猪肚","0","simple","",""
"admin","base","Default","simple","330,340,406","12027","0","猪腰","No","12027","12027.html"," ","Use config","Use config","","","/12027/1.jpg","/12027/1.jpg","/12027/1.jpg","default/galayomarket","2 columns with left bar","Product Info Column","","","","2.29","","",".99","","Enabled","Catalog, Search","None","No","","","","","一份约1LB","","","","","","","","","000","000","1","0","0","1","100","1","000","1","0","","000","1","0","0","1","1","000","1","0","0","1","1","猪腰","0","simple","",""
"admin","base","Default","simple","330,340,406","12028","0","猪肝","No","12028","12028.html"," ","Use config","Use config","","","/12028/1.jpg","/12028/1.jpg","/12028/1.jpg","default/galayomarket","2 columns with left bar","Product Info Column","","","","1.59","","",".99","","Enabled","Catalog, Search","None","No","","","","","一份约1LB","","","","","","","","","000","000","1","0","0","1","100","1","000","1","0","","000","1","0","0","1","1","000","1","0","0","1","1","猪肝","0","simple","",""
"admin","base","Default","simple","330,340,406","12029","0","猪尾","No","12029","12029.html"," ","Use config","Use config","","","/12029/1.jpg","/12029/1.jpg","/12029/1.jpg","default/galayomarket","2 columns with left bar","Product Info Column","","","","7.69","","",".99","","Enabled","Catalog, Search","None","No","","","","","一份约3LB","","","","","","","","","000","000","1","0","0","1","100","1","000","1","0","","000","1","0","0","1","1","000","1","0","0","1","1","猪尾","0","simple","",""
"admin","base","Default","simple","330,340,406","12030","0","猪心","No","12030","12030.html"," ","Use config","Use config","","","/12030/1.jpg","/12030/1.jpg","/12030/1.jpg","default/galayomarket","2 columns with left bar","Product Info Column","","","","1.89","","",".99","","Enabled","Catalog, Search","None","No","","","","","一份约0.8LB","","","","","","","","","000","000","1","0","0","1","100","1","000","1","0","","000","1","0","0","1","1","000","1","0","0","1","1","猪心","0","simple","",""
"admin","base","Default","simple","330,340,406","12031","0","猪大肠","No","12031","12031.html"," ","Use config","Use config","","","/12031/1.jpg","/12031/1.jpg","/12031/1.jpg","default/galayomarket","2 columns with left bar","Product Info Column","","","","5.29","","",".99","","Enabled","Catalog, Search","None","No","","","","","一份约1.5LB","","","","","","","","","000","000","1","0","0","1","100","1","000","1","0","","000","1","0","0","1","1","000","1","0","0","1","1","猪大肠","0","simple","",""
"admin","base","Default","simple","330,340,406","12033","0","猪耳","No","12033","12033.html"," ","Use config","Use config","","","/12033/1.jpg","/12033/1.jpg","/12033/1.jpg","default/galayomarket","2 columns with left bar","Product Info Column","","","","5.39","","",".99","","Enabled","Catalog, Search","None","No","","","","","一份约1LB","","","","","","","","","000","000","1","0","0","1","100","1","000","1","0","","000","1","0","0","1","1","000","1","0","0","1","1","猪耳","0","simple","",""
"admin","base","Default","simple","330,340,409","12207","0","竹丝鸡（乌鸡）","No","12207","12207.html"," ","Use config","Use config","","","/12207/1.jpg","/12207/1.jpg","/12207/1.jpg","default/galayomarket","2 columns with left bar","Product Info Column","","","","8.99","","",".99","","Enabled","Catalog, Search","None","No","","","","","一份约1个","","","","","","","","","000","000","1","0","0","1","100","1","000","1","0","","000","1","0","0","1","1","000","1","0","0","1","1","竹丝鸡（乌鸡）","0","simple","",""
"admin","base","Default","simple","330,340,410","12208","0","鸡心","No","12208","12208.html"," ","Use config","Use config","","","/12208/1.jpg","/12208/1.jpg","/12208/1.jpg","default/galayomarket","2 columns with left bar","Product Info Column","","","","1.89","","",".99","","Enabled","Catalog, Search","None","No","","","","","一份约1LB","","","","","","","","","000","000","1","0","0","1","100","1","000","1","0","","000","1","0","0","1","1","000","1","0","0","1","1","鸡心","0","simple","",""
"admin","base","Default","simple","330,340,411","12209","0","鸡柳","No","12209","12209.html"," ","Use config","Use config","","","/12209/1.jpg","/12209/1.jpg","/12209/1.jpg","default/galayomarket","2 columns with left bar","Product Info Column","","","","3.19","","",".99","","Enabled","Catalog, Search","None","No","","","","","一份约1LB","","","","","","","","","000","000","1","0","0","1","100","1","000","1","0","","000","1","0","0","1","1","000","1","0","0","1","1","鸡柳","0","simple","",""
"admin","base","Default","simple","330,340,412","12210","0","鸡中翅","No","12210","12210.html"," ","Use config","Use config","","","/12210/1.jpg","/12210/1.jpg","/12210/1.jpg","default/galayomarket","2 columns with left bar","Product Info Column","","","","3.19","","",".99","","Enabled","Catalog, Search","None","No","","","","","一份约1LB","","","","","","","","","000","000","1","0","0","1","100","1","000","1","0","","000","1","0","0","1","1","000","1","0","0","1","1","鸡中翅","0","simple","",""
"admin","base","Default","simple","330,340,413","12211","0","大鸡翅","No","12211","12211.html"," ","Use config","Use config","","","/12211/1.jpg","/12211/1.jpg","/12211/1.jpg","default/galayomarket","2 columns with left bar","Product Info Column","","","","2.59","","",".99","","Enabled","Catalog, Search","None","No","","","","","一份约1LB","","","","","","","","","000","000","1","0","0","1","100","1","000","1","0","","000","1","0","0","1","1","000","1","0","0","1","1","大鸡翅","0","simple","",""
"admin","base","Default","simple","330,340,414","12212","0","凤爪","No","12212","12212.html"," ","Use config","Use config","","","/12212/1.jpg","/12212/1.jpg","/12212/1.jpg","default/galayomarket","2 columns with left bar","Product Info Column","","","","1.99","","",".99","","Enabled","Catalog, Search","None","No","","","","","一份约1LB","","","","","","","","","000","000","1","0","0","1","100","1","000","1","0","","000","1","0","0","1","1","000","1","0","0","1","1","凤爪","0","simple","",""
"admin","base","Default","simple","330,340,415","12214","0","鸡胸肉","No","12214","12214.html"," ","Use config","Use config","","","/12214/1.jpg","/12214/1.jpg","/12214/1.jpg","default/galayomarket","2 columns with left bar","Product Info Column","","","","5.79","","",".99","","Enabled","Catalog, Search","None","No","","","","美国原装鸡肉，高蛋白易吸收，最佳运动健身肉类","一份约2LB","","","","","","","","","000","000","1","0","0","1","100","1","000","1","0","","000","1","0","0","1","1","000","1","0","0","1","1","鸡胸肉","0","simple","",""
"admin","base","Default","simple","330,340,416","12220","0","鸡肾","No","12220","12220.html"," ","Use config","Use config","","","/12220/1.jpg","/12220/1.jpg","/12220/1.jpg","default/galayomarket","2 columns with left bar","Product Info Column","","","","1.89","","",".99","","Enabled","Catalog, Search","None","No","","","","","一份约1LB","","","","","","","","","000","000","1","0","0","1","100","1","000","1","0","","000","1","0","0","1","1","000","1","0","0","1","1","鸡肾","0","simple","",""
"admin","base","Default","simple","330,340,417","12221","0","鸡肝","No","12221","12221.html"," ","Use config","Use config","","","/12221/1.jpg","/12221/1.jpg","/12221/1.jpg","default/galayomarket","2 columns with left bar","Product Info Column","","","","1.69","","",".99","","Enabled","Catalog, Search","None","No","","","","","一份约1LB","","","","","","","","","000","000","1","0","0","1","100","1","000","1","0","","000","1","0","0","1","1","000","1","0","0","1","1","鸡肝","0","simple","",""
"admin","base","Default","simple","330,340,418","12225","0","无头鸭","No","12225","12225.html"," ","Use config","Use config","","","/12225/1.jpg","/12225/1.jpg","/12225/1.jpg","default/galayomarket","2 columns with left bar","Product Info Column","","","","15.99","","",".99","","Enabled","Catalog, Search","None","No","","","","","一份约4.5LB","","","","","","","","","000","000","1","0","0","1","100","1","000","1","0","","000","1","0","0","1","1","000","1","0","0","1","1","无头鸭","0","simple","",""
"admin","base","Default","simple","330,340,419","12233","0","鸭翅","No","12233","12233.html"," ","Use config","Use config","","","/12233/1.jpg","/12233/1.jpg","/12233/1.jpg","default/galayomarket","2 columns with left bar","Product Info Column","","","","1.99","","",".99","","Enabled","Catalog, Search","None","No","","","","","一份约1LB","","","","","","","","","000","000","1","0","0","1","100","1","000","1","0","","000","1","0","0","1","1","000","1","0","0","1","1","鸭翅","0","simple","",""
"admin","base","Default","simple","330,340,420","12234","0","鸭脚","No","12234","12234.html"," ","Use config","Use config","","","/12234/1.jpg","/12234/1.jpg","/12234/1.jpg","default/galayomarket","2 columns with left bar","Product Info Column","","","","1.99","","",".99","","Enabled","Catalog, Search","None","No","","","","","一份约1LB","","","","","","","","","000","000","1","0","0","1","100","1","000","1","0","","000","1","0","0","1","1","000","1","0","0","1","1","鸭脚","0","simple","",""
"admin","base","Default","simple","330,340,421","12235","0","无骨鸭掌","No","12235","12235.html"," ","Use config","Use config","","","/12235/1.jpg","/12235/1.jpg","/12235/1.jpg","default/galayomarket","2 columns with left bar","Product Info Column","","","","6.19","","",".99","","Enabled","Catalog, Search","None","No","","","","纽约鸭场直供，富含蛋白，低糖少脂肪","一份约1LB","","","","","","","","","000","000","1","0","0","1","100","1","000","1","0","","000","1","0","0","1","1","000","1","0","0","1","1","无骨鸭掌","0","simple","",""
"admin","base","Default","simple","330,340,422","12236","0","鹌鹑","No","12236","12236.html"," ","Use config","Use config","","","/12236/1.jpg","/12236/1.jpg","/12236/1.jpg","default/galayomarket","2 columns with left bar","Product Info Column","","","","9.39","","",".99","","Enabled","Catalog, Search","None","No","","","","","一份6只","","","","","","","","","000","000","1","0","0","1","100","1","000","1","0","","000","1","0","0","1","1","000","1","0","0","1","1","鹌鹑","0","simple","",""
"admin","base","Default","simple","330,340,423","12436","0","發财香葱鱼滑","No","12436","12436.html"," ","Use config","Use config","","","/12436/1.jpg","/12436/1.jpg","/12436/1.jpg","default/galayomarket","2 columns with left bar","Product Info Column","","","","5.29","","",".99","","Enabled","Catalog, Search","None","No","","","","","一份","","","","","","","","","000","000","1","0","0","1","100","1","000","1","0","","000","1","0","0","1","1","000","1","0","0","1","1","發财香葱鱼滑","0","simple","",""
"admin","base","Default","simple","330,341","13001","0","龙虾","No","13001","13001.html"," ","Use config","Use config","","","/13001/1.jpg","/13001/1.jpg","/13001/1.jpg","default/galayomarket","2 columns with left bar","Product Info Column","","","","17.59","","",".99","","Enabled","Catalog, Search","None","No","","","","","一份约1.5lb","","","","","","","","","000","000","1","0","0","1","100","1","000","1","0","","000","1","0","0","1","1","000","1","0","0","1","1","龙虾","0","simple","",""
"admin","base","Default","simple","330,341","13002","0","温哥华蟹（珍宝蟹）","No","13002","13002.html"," ","Use config","Use config","","","/13002/1.jpg","/13002/1.jpg","/13002/1.jpg","default/galayomarket","2 columns with left bar","Product Info Column","","","","25.89","","",".99","","Enabled","Catalog, Search","None","No","","","","","一份约1.7lb","","","","","","","","","000","000","1","0","0","1","100","1","000","1","0","","000","1","0","0","1","1","000","1","0","0","1","1","温哥华蟹（珍宝蟹）","0","simple","",""
"admin","base","Default","simple","330,341","13004","0","蓝蟹（梭子蟹）","No","13004","13004.html"," ","Use config","Use config","","","/13004/1.jpg","/13004/1.jpg","/13004/1.jpg","default/galayomarket","2 columns with left bar","Product Info Column","","","","17.59","","",".99","","Enabled","Catalog, Search","None","No","","","","","一份一打","","","","","","","","","000","000","1","0","0","1","100","1","000","1","0","","000","1","0","0","1","1","000","1","0","0","1","1","蓝蟹（梭子蟹）","0","simple","",""
"admin","base","Default","simple","330,341","13006","0","盲曹（尖吻鲈）","No","13006","13006.html"," ","Use config","Use config","","","/13006/1.jpg","/13006/1.jpg","/13006/1.jpg","default/galayomarket","2 columns with left bar","Product Info Column","","","","21.99","","",".99","","Enabled","Catalog, Search","None","No","","","","","一份约1.4lb","","","","","","","","","000","000","1","0","0","1","100","1","000","1","0","","000","1","0","0","1","1","000","1","0","0","1","1","盲曹（尖吻鲈）","0","simple","",""
"admin","base","Default","simple","330,341","13007","0","鲈鱼","No","13007","13007.html"," ","Use config","Use config","","","/13007/1.jpg","/13007/1.jpg","/13007/1.jpg","default/galayomarket","2 columns with left bar","Product Info Column","","","","10.99","","",".99","","Enabled","Catalog, Search","None","No","","","","","一份约1.4lb","","","","","","","","","000","000","1","0","0","1","100","1","000","1","0","","000","1","0","0","1","1","000","1","0","0","1","1","鲈鱼","0","simple","",""
"admin","base","Default","simple","330,341","13009","0","皖鱼","No","13009","13009.html"," ","Use config","Use config","","","/13009/1.jpg","/13009/1.jpg","/13009/1.jpg","default/galayomarket","2 columns with left bar","Product Info Column","","","","18.99","","",".99","","Enabled","Catalog, Search","None","No","","","","","一份约4lb","","","","","","","","","000","000","1","0","0","1","100","1","000","1","0","","000","1","0","0","1","1","000","1","0","0","1","1","皖鱼","0","simple","",""
"admin","base","Default","simple","330,341","13010","0","田鸡","No","13010","13010.html"," ","Use config","Use config","","","/13010/1.jpg","/13010/1.jpg","/13010/1.jpg","default/galayomarket","2 columns with left bar","Product Info Column","","","","6.99","","",".99","","Enabled","Catalog, Search","None","No","","","","","一份约1lb","","","","","","","","","000","000","1","0","0","1","100","1","000","1","0","","000","1","0","0","1","1","000","1","0","0","1","1","田鸡","0","simple","",""
"admin","base","Default","simple","330,341","13011","0","黄鳝","No","13011","13011.html"," ","Use config","Use config","","","/13011/1.jpg","/13011/1.jpg","/13011/1.jpg","default/galayomarket","2 columns with left bar","Product Info Column","","","","9.39","","",".99","","Enabled","Catalog, Search","None","No","","","","","一份约1lb","","","","","","","","","000","000","1","0","0","1","100","1","000","1","0","","000","1","0","0","1","1","000","1","0","0","1","1","黄鳝","0","simple","",""
"admin","base","Default","simple","330,341","13012","0","黑斑","No","13012","13012.html"," ","Use config","Use config","","","/13012/1.jpg","/13012/1.jpg","/13012/1.jpg","default/galayomarket","2 columns with left bar","Product Info Column","","","","51.99","","",".99","","Enabled","Catalog, Search","None","No","","","","","一份约2.3lb","","","","","","","","","000","000","1","0","0","1","100","1","000","1","0","","000","1","0","0","1","1","000","1","0","0","1","1","黑斑","0","simple","",""
"admin","base","Default","simple","330,341","13013","0","游水虾","No","13013","13013.html"," ","Use config","Use config","","","/13013/1.jpg","/13013/1.jpg","/13013/1.jpg","default/galayomarket","2 columns with left bar","Product Info Column","","","","13.99","","",".99","","Enabled","Catalog, Search","None","No","","","","","一份约1lb","","","","","","","","","000","000","1","0","0","1","100","1","000","1","0","","000","1","0","0","1","1","000","1","0","0","1","1","游水虾","0","simple","",""
"admin","base","Default","simple","330,341","13014","0","黑青斑","No","13014","13014.html"," ","Use config","Use config","","","/13014/1.jpg","/13014/1.jpg","/13014/1.jpg","default/galayomarket","2 columns with left bar","Product Info Column","","","","12.99","","",".99","","Enabled","Catalog, Search","None","No","","","","","一份约1.5lb","","","","","","","","","000","000","1","0","0","1","100","1","000","1","0","","000","1","0","0","1","1","000","1","0","0","1","1","黑青斑","0","simple","",""
"admin","base","Default","simple","330,341","13015","0","珊瑚虾","No","13015","13015.html"," ","Use config","Use config","","","/13015/1.jpg","/13015/1.jpg","/13015/1.jpg","default/galayomarket","2 columns with left bar","Product Info Column","","","","37.49","","",".99","","Enabled","Catalog, Search","None","No","","","","","一份约1lb","","","","","","","","","000","000","1","0","0","1","100","1","000","1","0","","000","1","0","0","1","1","000","1","0","0","1","1","珊瑚虾","0","simple","",""
"admin","base","Default","simple","330,341","13016","0","石头蟹","No","13016","13016.html"," ","Use config","Use config","","","/13016/1.jpg","/13016/1.jpg","/13016/1.jpg","default/galayomarket","2 columns with left bar","Product Info Column","","","","3.59","","",".99","","Enabled","Catalog, Search","None","No","","","","","一份约1lb","","","","","","","","","000","000","1","0","0","1","100","1","000","1","0","","000","1","0","0","1","1","000","1","0","0","1","1","石头蟹","0","simple","",""
"admin","base","Default","simple","330,341","13017","0","鰂鱼","No","13017","13017.html"," ","Use config","Use config","","","/13017/1.jpg","/13017/1.jpg","/13017/1.jpg","default/galayomarket","2 columns with left bar","Product Info Column","","","","5.79","","",".99","","Enabled","Catalog, Search","None","No","","","","","一份约1.5lb","","","","","","","","","000","000","1","0","0","1","100","1","000","1","0","","000","1","0","0","1","1","000","1","0","0","1","1","鰂鱼","0","simple","",""
"admin","base","Default","simple","330,341","13018","0","鲶鱼","No","13018","13018.html"," ","Use config","Use config","","","/13018/1.jpg","/13018/1.jpg","/13018/1.jpg","default/galayomarket","2 columns with left bar","Product Info Column","","","","6.99","","",".99","","Enabled","Catalog, Search","None","No","","","","","一份约2lb","","","","","","","","","000","000","1","0","0","1","100","1","000","1","0","","000","1","0","0","1","1","000","1","0","0","1","1","鲶鱼","0","simple","",""
"admin","base","Default","simple","330,341","13019","0","甲鱼","No","13019","13019.html"," ","Use config","Use config","","","/13019/1.jpg","/13019/1.jpg","/13019/1.jpg","default/galayomarket","2 columns with left bar","Product Info Column","","","","17.59","","",".99","","Enabled","Catalog, Search","None","No","","","","","一份约1.5lb","","","","","","","","","000","000","1","0","0","1","100","1","000","1","0","","000","1","0","0","1","1","000","1","0","0","1","1","甲鱼","0","simple","",""
"admin","base","Default","simple","330,341","13020","0","海鲈鱼","No","13020","13020.html"," ","Use config","Use config","","","/13020/1.jpg","/13020/1.jpg","/13020/1.jpg","default/galayomarket","2 columns with left bar","Product Info Column","","","","8.49","","",".99","","Enabled","Catalog, Search","None","No","","","","","一份约1.3lb","","","","","","","","","000","000","1","0","0","1","100","1","000","1","0","","000","1","0","0","1","1","000","1","0","0","1","1","海鲈鱼","0","simple","",""
"admin","base","Default","simple","330,341","13021","0","白鳝","No","13021","13021.html"," ","Use config","Use config","","","/13021/1.jpg","/13021/1.jpg","/13021/1.jpg","default/galayomarket","2 columns with left bar","Product Info Column","","","","16.39","","",".99","","Enabled","Catalog, Search","None","No","","","","","一份约1lb","","","","","","","","","000","000","1","0","0","1","100","1","000","1","0","","000","1","0","0","1","1","000","1","0","0","1","1","白鳝","0","simple","",""
"admin","base","Default","simple","330,341","13022","0","笋殻","No","13022","13022.html"," ","Use config","Use config","","","/13022/1.jpg","/13022/1.jpg","/13022/1.jpg","default/galayomarket","2 columns with left bar","Product Info Column","","","","12.39","","",".99","","Enabled","Catalog, Search","None","No","","","","","一份约1.5lb","","","","","","","","","000","000","1","0","0","1","100","1","000","1","0","","000","1","0","0","1","1","000","1","0","0","1","1","笋殻","0","simple","",""
"admin","base","Default","simple","330,341","13101","0","马鲛鱼","No","13101","13101.html"," ","Use config","Use config","","","/13101/1.jpg","/13101/1.jpg","/13101/1.jpg","default/galayomarket","2 columns with left bar","Product Info Column","","","","6.99","","",".99","","Enabled","Catalog, Search","None","No","","","","","一份约1.4lb","","","","","","","","","000","000","1","0","0","1","100","1","000","1","0","","000","1","0","0","1","1","000","1","0","0","1","1","马鲛鱼","0","simple","",""
"admin","base","Default","simple","330,341","13102","0","马头鱼（方头鱼）","No","13102","13102.html"," ","Use config","Use config","","","/13102/1.jpg","/13102/1.jpg","/13102/1.jpg","default/galayomarket","2 columns with left bar","Product Info Column","","","","11.99","","",".99","","Enabled","Catalog, Search","None","No","","","","学名甘鲷，美容排毒，软化血管，养生佳品","一份约2lb","","","","","","","","","000","000","1","0","0","1","100","1","000","1","0","","000","1","0","0","1","1","000","1","0","0","1","1","马头鱼（方头鱼）","0","simple","",""
"admin","base","Default","simple","330,341","13103","0","乌头鱼","No","13103","13103.html"," ","Use config","Use config","","","/13103/1.jpg","/13103/1.jpg","/13103/1.jpg","default/galayomarket","2 columns with left bar","Product Info Column","","","","2.39","","",".99","","Enabled","Catalog, Search","None","No","","","","","一份约1.5lb","","","","","","","","","000","000","1","0","0","1","100","1","000","1","0","","000","1","0","0","1","1","000","1","0","0","1","1","乌头鱼","0","simple","",""
"admin","base","Default","simple","331,344","13106","0","鲈鱼(冻）","No","13106","13106.html"," ","Use config","Use config","","","/13106/1.jpg","/13106/1.jpg","/13106/1.jpg","default/galayomarket","2 columns with left bar","Product Info Column","","","","11.99","","",".99","","Enabled","Catalog, Search","None","No","","","","","一份一条","","","","","","","","","000","000","1","0","0","1","100","1","000","1","0","","000","1","0","0","1","1","000","1","0","0","1","1","鲈鱼(冻）","0","simple","",""
"admin","base","Default","simple","331,344","13107","0","海鲈鱼（冻）","No","13107","13107.html"," ","Use config","Use config","","","/13107/1.jpg","/13107/1.jpg","/13107/1.jpg","default/galayomarket","2 columns with left bar","Product Info Column","","","","8.49","","",".99","","Enabled","Catalog, Search","None","No","","","","","一份一条","","","","","","","","","000","000","1","0","0","1","100","1","000","1","0","","000","1","0","0","1","1","000","1","0","0","1","1","海鲈鱼（冻）","0","simple","",""
"admin","base","Default","simple","331,344","13108","0","吞拿鱼","No","13108","13108.html"," ","Use config","Use config","","","/13108/1.jpg","/13108/1.jpg","/13108/1.jpg","default/galayomarket","2 columns with left bar","Product Info Column","","","","9.99","","",".99","","Enabled","Catalog, Search","None","No","","","","","一份约1lb","","","","","","","","","000","000","1","0","0","1","100","1","000","1","0","","000","1","0","0","1","1","000","1","0","0","1","1","吞拿鱼","0","simple","",""
"admin","base","Default","simple","331,344","13109","0","白鲤鱼","No","13109","13109.html"," ","Use config","Use config","","","/13109/1.jpg","/13109/1.jpg","/13109/1.jpg","default/galayomarket","2 columns with left bar","Product Info Column","","","","3.59","","",".99","","Enabled","Catalog, Search","None","No","","","","","一份一条约1.5lb","","","","","","","","","000","000","1","0","0","1","100","1","000","1","0","","000","1","0","0","1","1","000","1","0","0","1","1","白鲤鱼","0","simple","",""
"admin","base","Default","simple","331,344","13110","0","石斑鱼头","No","13110","13110.html"," ","Use config","Use config","","","/13110/1.jpg","/13110/1.jpg","/13110/1.jpg","default/galayomarket","2 columns with left bar","Product Info Column","","","","17.99","","",".99","","Enabled","Catalog, Search","None","No","","","","","一份约3lb","","","","","","","","","000","000","1","0","0","1","100","1","000","1","0","","000","1","0","0","1","1","000","1","0","0","1","1","石斑鱼头","0","simple","",""
"admin","base","Default","simple","331,344","13111","0","红鱼","No","13111","13111.html"," ","Use config","Use config","","","/13111/1.jpg","/13111/1.jpg","/13111/1.jpg","default/galayomarket","2 columns with left bar","Product Info Column","","","","4.19","","",".99","","Enabled","Catalog, Search","None","No","","","","","一份一条约1.3lb","","","","","","","","","000","000","1","0","0","1","100","1","000","1","0","","000","1","0","0","1","1","000","1","0","0","1","1","红鱼","0","simple","",""
"admin","base","Default","simple","331,344","13112","0","美完(鮸鱼）","No","13112","13112.html"," ","Use config","Use config","","","/13112/1.jpg","/13112/1.jpg","/13112/1.jpg","default/galayomarket","2 columns with left bar","Product Info Column","","","","37.99","","",".99","","Enabled","Catalog, Search","None","No","","","","","一份一条约8lb","","","","","","","","","000","000","1","0","0","1","100","1","000","1","0","","000","1","0","0","1","1","000","1","0","0","1","1","美完(鮸鱼）","0","simple","",""
"admin","base","Default","simple","331,344","13116","0","鱿鱼","No","13116","13116.html"," ","Use config","Use config","","","/13116/1.jpg","/13116/1.jpg","/13116/1.jpg","default/galayomarket","2 columns with left bar","Product Info Column","","","","3.49","","",".99","","Enabled","Catalog, Search","None","No","","","","","一份约1lb","","","","","","","","","000","000","1","0","0","1","100","1","000","1","0","","000","1","0","0","1","1","000","1","0","0","1","1","鱿鱼","0","simple","",""
"admin","base","Default","simple","331,344","13118","0","鳕鱼仔","No","13118","13118.html"," ","Use config","Use config","","","/13118/1.jpg","/13118/1.jpg","/13118/1.jpg","default/galayomarket","2 columns with left bar","Product Info Column","","","","4.09","","",".99","","Enabled","Catalog, Search","None","No","","","","","一份一个","","","","","","","","","000","000","1","0","0","1","100","1","000","1","0","","000","1","0","0","1","1","000","1","0","0","1","1","鳕鱼仔","0","simple","",""
"admin","base","Default","simple","331,344","13119","0","小黄花鱼","No","13119","13119.html"," ","Use config","Use config","","","/13119/1.jpg","/13119/1.jpg","/13119/1.jpg","default/galayomarket","2 columns with left bar","Product Info Column","","","","4.69","","",".99","","Enabled","Catalog, Search","None","No","","","","","一份约2lb","","","","","","","","","000","000","1","0","0","1","100","1","000","1","0","","000","1","0","0","1","1","000","1","0","0","1","1","小黄花鱼","0","simple","",""
"admin","base","Default","simple","331,344","13120","0","鲳鱼仔","No","13120","13120.html"," ","Use config","Use config","","","/13120/1.jpg","/13120/1.jpg","/13120/1.jpg","default/galayomarket","2 columns with left bar","Product Info Column","","","","4.69","","",".99","","Enabled","Catalog, Search","None","No","","","","","一份约2lb","","","","","","","","","000","000","1","0","0","1","100","1","000","1","0","","000","1","0","0","1","1","000","1","0","0","1","1","鲳鱼仔","0","simple","",""
"admin","base","Default","simple","331,344","13123","0","棍子鱼","No","13123","13123.html"," ","Use config","Use config","","","/13123/1.jpg","/13123/1.jpg","/13123/1.jpg","default/galayomarket","2 columns with left bar","Product Info Column","","","","1.99","","",".99","","Enabled","Catalog, Search","None","No","","","","","一份三条约1lb","","","","","","","","","000","000","1","0","0","1","100","1","000","1","0","","000","1","0","0","1","1","000","1","0","0","1","1","棍子鱼","0","simple","",""
"admin","base","Default","simple","331,344","13128","0","三文骨","No","13128","13128.html"," ","Use config","Use config","","","/13128/1.jpg","/13128/1.jpg","/13128/1.jpg","default/galayomarket","2 columns with left bar","Product Info Column","","","","1.19","","",".99","","Enabled","Catalog, Search","None","No","","","","","一份约1lb","","","","","","","","","000","000","1","0","0","1","100","1","000","1","0","","000","1","0","0","1","1","000","1","0","0","1","1","三文骨","0","simple","",""
"admin","base","Default","simple","331,344","13129","0","三文鱼（带皮）","No","13129","13129.html"," ","Use config","Use config","","","/13129/1.jpg","/13129/1.jpg","/13129/1.jpg","default/galayomarket","2 columns with left bar","Product Info Column","","","","12.99","","",".99","","Enabled","Catalog, Search","None","No","","","","","一份约1.8lb","","","","","","","","","000","000","1","0","0","1","100","1","000","1","0","","000","1","0","0","1","1","000","1","0","0","1","1","三文鱼（带皮）","0","simple","",""
"admin","base","Default","simple","331,344","13133","0","大扇贝","No","13133","13133.html"," ","Use config","Use config","","","/13133/1.jpg","/13133/1.jpg","/13133/1.jpg","default/galayomarket","2 columns with left bar","Product Info Column","","","","4.69","","",".99","","Enabled","Catalog, Search","None","No","","","","","一份约1lb","","","","","","","","","000","000","1","0","0","1","100","1","000","1","0","","000","1","0","0","1","1","000","1","0","0","1","1","大扇贝","0","simple","",""
"admin","base","Default","simple","331,344","13135","0","大蛤蜊","No","13135","13135.html"," ","Use config","Use config","","","/13135/1.jpg","/13135/1.jpg","/13135/1.jpg","default/galayomarket","2 columns with left bar","Product Info Column","","","","3.49","","",".99","","Enabled","Catalog, Search","None","No","","","","","一份六只","","","","","","","","","000","000","1","0","0","1","100","1","000","1","0","","000","1","0","0","1","1","000","1","0","0","1","1","大蛤蜊","0","simple","",""
"admin","base","Default","simple","331,344","13136","0","小哈利","No","13136","13136.html"," ","Use config","Use config","","","/13136/1.jpg","/13136/1.jpg","/13136/1.jpg","default/galayomarket","2 columns with left bar","Product Info Column","","","","4.69","","",".99","","Enabled","Catalog, Search","None","No","","","","","一份约1lb","","","","","","","","","000","000","1","0","0","1","100","1","000","1","0","","000","1","0","0","1","1","000","1","0","0","1","1","小哈利","0","simple","",""
"admin","base","Default","simple","331,344","13137","0","响螺（海螺）","No","13137","13137.html"," ","Use config","Use config","","","/13137/1.jpg","/13137/1.jpg","/13137/1.jpg","default/galayomarket","2 columns with left bar","Product Info Column","","","","11.99","","",".99","","Enabled","Catalog, Search","None","No","","","","","一份约2.5lb","","","","","","","","","000","000","1","0","0","1","100","1","000","1","0","","000","1","0","0","1","1","000","1","0","0","1","1","响螺（海螺）","0","simple","",""
"admin","base","Default","simple","331,344","13138","0","大生蠔","No","13138","13138.html"," ","Use config","Use config","","","/13138/1.jpg","/13138/1.jpg","/13138/1.jpg","default/galayomarket","2 columns with left bar","Product Info Column","","","","3.49","","",".99","","Enabled","Catalog, Search","None","No","","","","","一份一个","","","","","","","","","000","000","1","0","0","1","100","1","000","1","0","","000","1","0","0","1","1","000","1","0","0","1","1","大生蠔","0","simple","",""
"admin","base","Default","simple","331,344","13139","0","生蚝肉（罐）","No","13139","13139.html"," ","Use config","Use config","","","/13139/1.jpg","/13139/1.jpg","/13139/1.jpg","default/galayomarket","2 columns with left bar","Product Info Column","","","","10.49","","",".99","","Enabled","Catalog, Search","None","No","","","","","一份一个","","","","","","","","","000","000","1","0","0","1","100","1","000","1","0","","000","1","0","0","1","1","000","1","0","0","1","1","生蚝肉（罐）","0","simple","",""
"admin","base","Default","simple","331,344","13140","0","海瓜子","No","13140","13140.html"," ","Use config","Use config","","","/13140/1.jpg","/13140/1.jpg","/13140/1.jpg","default/galayomarket","2 columns with left bar","Product Info Column","","","","6.39","","",".99","","Enabled","Catalog, Search","None","No","","","","","一份约1lb","","","","","","","","","000","000","1","0","0","1","100","1","000","1","0","","000","1","0","0","1","1","000","1","0","0","1","1","海瓜子","0","simple","",""
"admin","base","Default","simple","331,344","13141","0","海胆","No","13141","13141.html"," ","Use config","Use config","","","/13141/1.jpg","/13141/1.jpg","/13141/1.jpg","default/galayomarket","2 columns with left bar","Product Info Column","","","","9.39","","",".99","","Enabled","Catalog, Search","None","No","","","","","一份约1lb","","","","","","","","","000","000","1","0","0","1","100","1","000","1","0","","000","1","0","0","1","1","000","1","0","0","1","1","海胆","0","simple","",""
"admin","base","Default","simple","331,344","13142","0","鳕鱼片","No","13142","13142.html"," ","Use config","Use config","","","/13142/1.jpg","/13142/1.jpg","/13142/1.jpg","default/galayomarket","2 columns with left bar","Product Info Column","","","","10.59","","",".99","","Enabled","Catalog, Search","None","No","","","","","一份约1.5lb","","","","","","","","","000","000","1","0","0","1","100","1","000","1","0","","000","1","0","0","1","1","000","1","0","0","1","1","鳕鱼片","0","simple","",""
"admin","base","Default","simple","331,344","13143","0","龙利片","No","13143","13143.html"," ","Use config","Use config","","","/13143/1.jpg","/13143/1.jpg","/13143/1.jpg","default/galayomarket","2 columns with left bar","Product Info Column","","","","4.69","","",".99","","Enabled","Catalog, Search","None","No","","","","","一份约1lb","","","","","","","","","000","000","1","0","0","1","100","1","000","1","0","","000","1","0","0","1","1","000","1","0","0","1","1","龙利片","0","simple","",""
"admin","base","Default","simple","331,344","13144","0","螃蟹","No","13144","13144.html"," ","Use config","Use config","","","/13144/1.jpg","/13144/1.jpg","/13144/1.jpg","default/galayomarket","2 columns with left bar","Product Info Column","","","","9.39","","",".99","","Enabled","Catalog, Search","None","No","","","","","一份一打","","","","","","","","","000","000","1","0","0","1","100","1","000","1","0","","000","1","0","0","1","1","000","1","0","0","1","1","螃蟹","0","simple","",""
"admin","base","Default","simple","331,344","13145","0","海鲈","No","13145","13145.html"," ","Use config","Use config","","","/13145/1.jpg","/13145/1.jpg","/13145/1.jpg","default/galayomarket","2 columns with left bar","Product Info Column","","","","22.29","","",".99","","Enabled","Catalog, Search","None","No","","","","","一份约1lb","","","","","","","","","000","000","1","0","0","1","100","1","000","1","0","","000","1","0","0","1","1","000","1","0","0","1","1","海鲈","0","simple","",""
"admin","base","Default","simple","331,344","13146","0","桂花螺","No","13146","13146.html"," ","Use config","Use config","","","/13146/1.jpg","/13146/1.jpg","/13146/1.jpg","default/galayomarket","2 columns with left bar","Product Info Column","","","","13.99","","",".99","","Enabled","Catalog, Search","None","No","","","","","一份约1.5lb","","","","","","","","","000","000","1","0","0","1","100","1","000","1","0","","000","1","0","0","1","1","000","1","0","0","1","1","桂花螺","0","simple","",""
"admin","base","Default","simple","331,344","13147","0","秋刀鱼","No","13147","13147.html"," ","Use config","Use config","","","/13147/1.jpg","/13147/1.jpg","/13147/1.jpg","default/galayomarket","2 columns with left bar","Product Info Column","","","","3.39","","",".99","","Enabled","Catalog, Search","None","No","","","","","一份约2lb","","","","","","","","","000","000","1","0","0","1","100","1","000","1","0","","000","1","0","0","1","1","000","1","0","0","1","1","秋刀鱼","0","simple","",""
"admin","base","Default","simple","331,344","13152","0","tuna steak包装吞拿","No","13152","13152.html"," ","Use config","Use config","","","/13152/1.jpg","/13152/1.jpg","/13152/1.jpg","default/galayomarket","2 columns with left bar","Product Info Column","","","","10.59","","",".99","","Enabled","Catalog, Search","None","No","","","","","一份一包约1lb","","","","","","","","","000","000","1","0","0","1","100","1","000","1","0","","000","1","0","0","1","1","000","1","0","0","1","1","tuna steak包装吞拿","0","simple","",""
"admin","base","Default","simple","331,344","13159","0","无头虾21-25","No","13159","13159.html"," ","Use config","Use config","","","/13159/1.jpg","/13159/1.jpg","/13159/1.jpg","default/galayomarket","2 columns with left bar","Product Info Column","","","","8.39","","",".99","","Enabled","Catalog, Search","None","No","","","","","一份约1lb","","","","","","","","","000","000","1","0","0","1","100","1","000","1","0","","000","1","0","0","1","1","000","1","0","0","1","1","无头虾21-25","0","simple","",""
"admin","base","Default","simple","331,344","13160","0","无头虾26-30","No","13160","13160.html"," ","Use config","Use config","","","/13160/1.jpg","/13160/1.jpg","/13160/1.jpg","default/galayomarket","2 columns with left bar","Product Info Column","","","","8.19","","",".99","","Enabled","Catalog, Search","None","No","","","","","一份约1lb","","","","","","","","","000","000","1","0","0","1","100","1","000","1","0","","000","1","0","0","1","1","000","1","0","0","1","1","无头虾26-30","0","simple","",""
"admin","base","Default","simple","331,344","13161","0","有头虾30-40","No","13161","13161.html"," ","Use config","Use config","","","/13161/1.jpg","/13161/1.jpg","/13161/1.jpg","default/galayomarket","2 columns with left bar","Product Info Column","","","","8.19","","",".99","","Enabled","Catalog, Search","None","No","","","","","一份约1lb","","","","","","","","","000","000","1","0","0","1","100","1","000","1","0","","000","1","0","0","1","1","000","1","0","0","1","1","有头虾30-40","0","simple","",""
"admin","base","Default","simple","331,344","13167","0","虎虾6/4LB","No","13167","13167.html"," ","Use config","Use config","","","/13167/1.jpg","/13167/1.jpg","/13167/1.jpg","default/galayomarket","2 columns with left bar","Product Info Column","","","","8.39","","",".99","","Enabled","Catalog, Search","None","No","","","","","一份约1lb","","","","","","","","","000","000","1","0","0","1","100","1","000","1","0","","000","1","0","0","1","1","000","1","0","0","1","1","虎虾6/4LB","0","simple","",""
"admin","base","Default","simple","331,344","13169","0","北极贝","No","13169","13169.html"," ","Use config","Use config","","","/13169/1.jpg","/13169/1.jpg","/13169/1.jpg","default/galayomarket","2 columns with left bar","Product Info Column","","","","15.19","","",".99","","Enabled","Catalog, Search","None","No","","","","","一份约1lb","","","","","","","","","000","000","1","0","0","1","100","1","000","1","0","","000","1","0","0","1","1","000","1","0","0","1","1","北极贝","0","simple","",""
"admin","base","Default","simple","331,344","13170","0","熟虾仁100/200","No","13170","13170.html"," ","Use config","Use config","","","/13170/1.jpg","/13170/1.jpg","/13170/1.jpg","default/galayomarket","2 columns with left bar","Product Info Column","","","","6.99","","",".99","","Enabled","Catalog, Search","None","No","","","","","一份一个","","","","","","","","","000","000","1","0","0","1","100","1","000","1","0","","000","1","0","0","1","1","000","1","0","0","1","1","熟虾仁100/200","0","simple","",""
"admin","base","Default","simple","331,344","13172","0","包装鱼豆腐1051","No","13172","13172.html"," ","Use config","Use config","","","/13172/1.jpg","/13172/1.jpg","/13172/1.jpg","default/galayomarket","2 columns with left bar","Product Info Column","","","","2.29","","",".99","","Enabled","Catalog, Search","None","No","","","","","一份一个","","","","","","","","","000","000","1","0","0","1","100","1","000","1","0","","000","1","0","0","1","1","000","1","0","0","1","1","包装鱼豆腐1051","0","simple","",""
"admin","base","Default","simple","331,344","13173","0","包装 鱼豆腐什锦","No","13173","13173.html"," ","Use config","Use config","","","/13173/1.jpg","/13173/1.jpg","/13173/1.jpg","default/galayomarket","2 columns with left bar","Product Info Column","","","","4.09","","",".99","","Enabled","Catalog, Search","None","No","","","","","一份一个","","","","","","","","","000","000","1","0","0","1","100","1","000","1","0","","000","1","0","0","1","1","000","1","0","0","1","1","包装 鱼豆腐什锦","0","simple","",""
"admin","base","Default","simple","331,344","13174","0","真蟹肉棒 20/1.1lb","No","13174","13174.html"," ","Use config","Use config","","","/13174/1.jpg","/13174/1.jpg","/13174/1.jpg","default/galayomarket","2 columns with left bar","Product Info Column","","","","5.89","","",".99","","Enabled","Catalog, Search","None","No","","","","","一份一个","","","","","","","","","000","000","1","0","0","1","100","1","000","1","0","","000","1","0","0","1","1","000","1","0","0","1","1","真蟹肉棒 20/1.1lb","0","simple","",""
"admin","base","Default","simple","331,344","13175","0","去皮墨鱼","No","13175","13175.html"," ","Use config","Use config","","","/13175/1.jpg","/13175/1.jpg","/13175/1.jpg","default/galayomarket","2 columns with left bar","Product Info Column","","","","9.49","","",".99","","Enabled","Catalog, Search","None","No","","","","","一份约2lb","","","","","","","","","000","000","1","0","0","1","100","1","000","1","0","","000","1","0","0","1","1","000","1","0","0","1","1","去皮墨鱼","0","simple","",""
"admin","base","Default","simple","331,344","13178","0","三文鱼（切块）","No","13178","13178.html"," ","Use config","Use config","","","/13178/1.jpg","/13178/1.jpg","/13178/1.jpg","default/galayomarket","2 columns with left bar","Product Info Column","","","","13.99","","",".99","","Enabled","Catalog, Search","None","No","","","","","一份约2lb","","","","","","","","","000","000","1","0","0","1","100","1","000","1","0","","000","1","0","0","1","1","000","1","0","0","1","1","三文鱼（切块）","0","simple","",""
